q,a
"В галактике вспыхнула сверхновая SN 2008dv типа Ic, её пиковая видимая звездная величина составила 18,2.","В галактике вспыхнула сверхновая SN 2008dv типа Ic, её пиковая видимая звездная величина составила восемнадцать целых две десятых."
"Настоящие ужи — змеи средних размеров, хотя отдельные особи могут достигать 1,2—2,4 метра в длину.","Настоящие ужи — змеи средних размеров, хотя отдельные особи могут достигать одна целая две десятых—две целых четыре десятых метра в длину."
"Ширина фасада: 61,60 м",Ширина фасада: шестьдесят одна целая шестьдесят сотых м
"Ширина нефа: 11,30 м",Ширина нефа: одиннадцать целых тридцать сотых м
"Длина хора: 34,30 м",Длина хора: тридцать четыре целых тридцать сотых м
"Ширина хора: 12,70 м",Ширина хора: двенадцать целых семьдесят сотых м
"Ручей пещеры, расходующий воду в мае в количестве 0,08 м³/с, связан с источниками на Курджипсе и окрашен.","Ручей пещеры, расходующий воду в мае в количестве ноля целых восьми сотых м³/с, связан с источниками на Курджипсе и окрашен."
"В галактике вспыхнула сверхновая SN 2006az типа Ia, её пиковая видимая звездная величина составила 17,1.","В галактике вспыхнула сверхновая SN 2006az типа Ia, её пиковая видимая звездная величина составила семнадцать целых одна десятая."
"Новый тягач получил совершенно новую кабину модульной конструкции шириной 2,5 м. с двумя спальными местами, холодильником и множеством отсеков для хранения.","Новый тягач получил совершенно новую кабину модульной конструкции шириной двух целых пяти десятых м. с двумя спальными местами, холодильником и множеством отсеков для хранения."
"Внутренняя высота кабины (от пола до потолка) составляет 2,16 м. и позволяет стоять в полный рост.",Внутренняя высота кабины (от пола до потолка) составляет двух целых шестнадцати сотых м. и позволяет стоять в полный рост.
"Задний мост собственного производства имеет гипоидный редуктор, применяемые передаточные числа 2,47 или 2,64.","Задний мост собственного производства имеет гипоидный редуктор, применяемые передаточные числа две целых сорок семь сотых или две целых шестьдесят четыре сотых."
"Также, на LL применяется задний мост с меньшим передаточным числом: 2,31 (в качестве опции доступен и 2,47).","Также, на LL применяется задний мост с меньшим передаточным числом: двумя целых тридцатью одной сотой (в качестве опции доступен и две целых сорок семь сотых)."
Реабилитирован посмертно 21.03.,Реабилитирован посмертно двадцать одна целая три сотых.
"Общая протяжённость — 1,10 км.",Общая протяжённость — одна целая десять сотых км.
"Общая протяжённость улицы Грибоедова составляет 1,17 километров.",Общая протяжённость улицы Грибоедова составляет одной целой семнадцати сотых километров.
Основной стандарт AWS — AWS D1.1/D1.1M Structural Welding Code — Steel (Нормы и правила выполнения сварки строительных конструкций — Сталь) — ежегодно обновляется и является нормативным документом в области сварки.,Основной стандарт AWS — AWS D1.1/D1.1M Structural Welding Code — Steel (Нормы и правила выполнения сварки строительных конструкций — Сталь) — ежегодно обновляется и является нормативным документом в области сварки.
"Окаменелости представителей этого рода известны с мелового до четвертичного периода (возрастной диапазон: от 140,2 до 0,0 миллионов лет назад).",Окаменелости представителей этого рода известны с мелового до четвертичного периода (возрастной диапазон: от сто сорока целых двух десятых до ноль целых ноль десятых миллионов лет назад).
"Сумма трансфера составила 1,7 млн. евро.",Сумма трансфера составила одна целая семь десятых млн. евро.
"Плотность населения — 205,24 чел/кв.км.",Плотность населения — двести пять целых двадцать четыре сотых чел/кв.км.
"Среднегодовая многолетняя температура воздуха составляет 2,7 °С.",Среднегодовая многолетняя температура воздуха составляет две целых семь десятых °С.
"Средняя температура воздуха самого тёплого месяца (июля) — 18,7 °C (абсолютный максимум — 36,6 °C); самого холодного (января) — −13,5 °C (абсолютный минимум — −47,5 °C).",Средняя температура воздуха самого тёплого месяца (июля) — восемнадцать целых семь десятых °C (абсолютный максимум — тридцать шесть целых шесть десятых °C); самого холодного (января) — −тринадцать целых пять десятых °C (абсолютный минимум — −сорок семь целых пять десятых °C).
"выше по течению на расстоянии в 2,5 км расположено село Василевка,","выше по течению на расстоянии в две целых пять десятых км расположено село Василевка,"
"ниже по течению на расстоянии в 4,5 км расположено село Андреевка.",ниже по течению на расстоянии в четыре целых пять десятых км расположено село Андреевка.
"Занимает площадь 80,88 км².",Занимает площадь восьмидесяти целых восьмидесяти восьми сотых км².
"Покрышка была выполнена из плетёной стальной проволоки (волокон) толщиной 0,84 мм с цинковым покрытием.",Покрышка была выполнена из плетёной стальной проволоки (волокон) толщиной ноля целых восьмидесяти четырёх сотых мм с цинковым покрытием.
"Максимальная высота автомобиля составляла 1,1 м.",Максимальная высота автомобиля составляла одной целой одной десятой м.
"В начале XXI века «индустрия самосовершенствования, включающая книги, семинары, аудио и видеопродукцию, а также персональный коучинг, [была] оценена в 2,48 миллиарда долларов в год» только в Соединённых Штатах.","В начале XXI века «индустрия самосовершенствования, включающая книги, семинары, аудио и видеопродукцию, а также персональный коучинг, [была] оценена в две целых сорок восемь сотых миллиарда долларов в год» только в Соединённых Штатах."
"Так, например, «курение увеличивает риск смертности всего в 1,6 раза, в то время как социальная изоляция — в 2,0 раза… что говорит о дополнительной ценности групп самопомощи, таких как Анонимные алкоголики, как суррогатных сообществ».","Так, например, «курение увеличивает риск смертности всего в одну целую шесть десятых раза, в то время как социальная изоляция — в две целых ноль десятых раза… что говорит о дополнительной ценности групп самопомощи, таких как Анонимные алкоголики, как суррогатных сообществ»."
"Занимает площадь 0,7 км².",Занимает площадь ноля целых семи десятых км².
"Занимает площадь 7,73 км².",Занимает площадь семи целых семидесяти трёх сотых км².
"Для передачи команд на борт использовалась частота 145,25 МГц.",Для передачи команд на борт использовалась частота сто сорока пяти целых двадцати пяти сотых МГц.
"Среднегодовая скорость ветра составляет 3,6 м/с.",Среднегодовая скорость ветра составляет трёх целых шести десятых м/с.
"Средняя температура января составляет −9,5°, июля — +19,5°.","Средняя температура января составляет −девять целых пять десятых°, июля — +1девять целых пять десятых°."
"Крупнейшими акционерами China State Construction Engineering Corporation являются SASAC (57,6 %), Dajia Life Insurance (11,3 %), Anbang Insurance Group (3,43 %), China Securities Finance (3,06 %) и China Investment Corporation (1,45 %).","Крупнейшими акционерами China State Construction Engineering Corporation являются SASAC (пятьдесят семь целых шесть десятых %), Dajia Life Insurance (одиннадцать целых три десятых %), Anbang Insurance Group (три целых сорок три сотых %), China Securities Finance (три целых шесть сотых %) и China Investment Corporation (одна целая сорок пять сотых %)."
"Расстояние до районного центра Грязовца по автодороге — 31,5 км.",Расстояние до районного центра Грязовца по автодороге — тридцать одна целая пять десятых км.
"Средняя годовая температура +1,3 °С.",Средняя годовая температура одна целая три десятых °С.
"Когда вселенский цикл подходит к концу, Вишну становится пылающим солнцем, бушующим ветром и проливным дождём («Матсья-пурана», текст 1.67).","Когда вселенский цикл подходит к концу, Вишну становится пылающим солнцем, бушующим ветром и проливным дождём («Матсья-пурана», текст одна целая шестьдесят семь сотых)."
"Среднегодовая температура воздуха — +1,8 °C.",Среднегодовая температура воздуха — одна целая восемь десятых °C.
"Вербезины белой травы — 12,5 мг",Вербезины белой травы — двенадцать целых пять десятых мг
"Пикрорризы курроа корней и корневищ — 5,0 мг",Пикрорризы курроа корней и корневищ — пять целых ноль десятых мг
"Паслёна чёрного плодов — 7,5 мг",Паслёна чёрного плодов — семь целых пять десятых мг
"Цикория обыкновенного семян — 8,75 мг",Цикория обыкновенного семян — восемь целых семьдесят пять сотых мг
"Солодки голой корней — 10,0 мг",Солодки голой корней — десять целых ноль десятых мг
"Тамарикса гребенщика плодов — 5,0 мг",Тамарикса гребенщика плодов — пять целых ноль десятых мг
"Редьки посевной семян — 2,5 мг",Редьки посевной семян — две целых пять десятых мг
"Барбариса остистого плодов — 7,5 мг",Барбариса остистого плодов — семь целых пять десятых мг
"Расторопши пятнистой плодов — 10,0 мг",Расторопши пятнистой плодов — десять целых ноль десятых мг
"Сферантуса индийского плодов — 2,5 мг",Сферантуса индийского плодов — две целых пять десятых мг
"Берхавии раскидистой травы — 5,0 мг",Берхавии раскидистой травы — пять целых ноль десятых мг
"Среднегодовая температура воздуха — 5,4 °C.",Среднегодовая температура воздуха — пять целых четыре десятых °C.
"Среднегодовая температура — +8,3 C°.",Среднегодовая температура — восемь целых три десятых C°.
"Среднегодовая скорость ветра — 2,4 м/с",Среднегодовая скорость ветра — две целых четыре десятых м/с
"(из них трансферты составили 87,1 млн грн.), расходы — 284,6 млн грн.","(из них трансферты составили восемьдесят семь целых одна десятая млн грн.), расходы — двести восемьдесят четыре целых шесть десятых млн грн."
"Финансовый результат от следующих видов деятельности: промышленность — 232,7 млн грн.; торговля и услуги — 45,8 млн грн.; транспорт и связь — 8,69 млн грн.; строительство — 7,9 млн грн.; другие — 4,66 млн грн..",Финансовый результат от следующих видов деятельности: промышленность — двести тридцать две целых семь десятых млн грн.; торговля и услуги — сорок пять целых восемь десятых млн грн.; транспорт и связь — восемь целых шестьдесят девять сотых млн грн.; строительство — семь целых девять десятых млн грн.; другие — четыре целых шестьдесят шесть сотых млн грн..
"Иностранные инвестиции составили 138,71 млн долларов США, то есть 1698,1 доллара на одного жителя.","Иностранные инвестиции составили сто тридцать восемь целых семьдесят одна сотая млн долларов США, то есть одна тысяча шестьсот девяносто восемь целых одна десятая доллара на одного жителя."
"Приватизированное жильё 4508,9, частный сектор 481,1.","Приватизированное жильё четыре тысяча пятьсот восемь целых девять десятых, частный сектор четыреста восемьдесят одна целая одна десятая."
"Государственный жилищный фонд 98,1 тыс. м², фонд местных советов — 2486,5.","Государственный жилищный фонд девяносто восемь целых одна десятая тыс. м², фонд местных советов — две тысяча четыреста восемьдесят шесть целых пять десятых."
"На одного жителя в среднем приходилось 14,1 м² жилой площади.",На одного жителя в среднем приходилось четырнадцать целых одна десятая м² жилой площади.
"Мини-альбом дебютировал на вершине японского еженедельного цифрового чарта Oricon с 3,915 загрузками.",Мини-альбом дебютировал на вершине японского еженедельного цифрового чарта Oricon с тремя целых девятьюстами пятнадцатью тысячных загрузками.
"Среднегодовая многолетняя температура воздуха составляет 4,4 °С.",Среднегодовая многолетняя температура воздуха составляет четыре целых четыре десятых °С.
"Занимает площадь 1,9 км².",Занимает площадь одной целой девяти десятых км².
"Среднегодовая многолетняя температура воздуха составляет +3,8 — +4,5 °С.",Среднегодовая многолетняя температура воздуха составляет три целых восемь десятых — четыре целых пять десятых °С.
"Среднегодовая температура — 3,6 °C.",Среднегодовая температура — три целых шесть десятых °C.
«Бог в помощь банк»:,«Бог в помощь банк»:
21.0﻿ (юго-восточный конец).,двадцать одна целая ноль десятых﻿ (юго-восточный конец).
"Диацетилен (1,3-бутадиин) — органическое соединение, непредельный углеводород, алкадиин.","Диацетилен (одна целая три десятых-бутадиин) — органическое соединение, непредельный углеводород, алкадиин."
"В Тамбовской области расположены девять электростанций общей мощностью 90,2 МВт, обеспечивающих энергоснабжение отдельных предприятий (преимущественно, сахарных заводов).","В Тамбовской области расположены девять электростанций общей мощностью девяноста целых двух десятых МВт, обеспечивающих энергоснабжение отдельных предприятий (преимущественно, сахарных заводов)."
"Мощность станции — 2,4 МВт.",Мощность станции — две целых четыре десятых МВт.
"Мощность станции — 0,6 МВт, тепловая мощность — 4,6 Гкал/ч.","Мощность станции — ноль целых шесть десятых МВт, тепловая мощность — четыре целых шесть десятых Гкал/ч."
Параллельно энергосистеме не работает.,Параллельно энергосистеме не работает.
"Среднегодовая температура воздуха — 4,6 °С.",Среднегодовая температура воздуха — четыре целых шесть десятых °С.
"Средняя многолетняя температура самого холодного месяца (января) составляет −7,8 °С, средняя температура самого тёплого (июля) — +17,4 °С.","Средняя многолетняя температура самого холодного месяца (января) составляет −семь целых восемь десятых °С, средняя температура самого тёплого (июля) — семнадцать целых четыре десятых °С."
"Госдеп США через Генеральное консульство США во Владивостоке уведомил Кашина о готовности выплатить ему в качестве компенсации за причиненные страдания 2,4 млн рублей.",Госдеп США через Генеральное консульство США во Владивостоке уведомил Кашина о готовности выплатить ему в качестве компенсации за причиненные страдания две целых четыре десятых млн рублей.
"Александр проживает с престарелыми родителями; получает пенсию по инвалидности в размере 5,4 тыс. руб.",Александр проживает с престарелыми родителями; получает пенсию по инвалидности в размере пять целых четыре десятых тыс. руб.
"Это почти 1,5 тысячи километров, на сотни километров трасса безлюдная.","Это почти одна целая пять десятых тысячи километров, на сотни километров трасса безлюдная."
"Я уже в Москве, приехал сегодня в 24.00 ночи.","Я уже в Москве, приехал сегодня в двадцати четырёх целых ноля сотых ночи."
"Этою работою я занимался три года сряду, в течение летних месяцев, и потребовал 30,000 человек работников, но никогда не мог получить и половины этого числа, а в последний год не было прислано в мое распоряжение даже и 10,000 человек, не говоря о том, что всегда чувствовался недостаток в хороших мастерах и необходимом количестве материала.","Этою работою я занимался три года сряду, в течение летних месяцев, и потребовал тридцати целых ноля тысячных человек работников, но никогда не мог получить и половины этого числа, а в последний год не было прислано в мое распоряжение даже и десять целых ноль тысячных человек, не говоря о том, что всегда чувствовался недостаток в хороших мастерах и необходимом количестве материала."
"Район занимает площадь 2476,2 км².",Район занимает площадь двух тысячи четырёхсот семидесяти шести целых двух десятых км².
"Конечно, нашим крупнейшим предприятием является Калининская АЭС: её удельный вес в общем объёме выпуска продукции района составляет 95,7 %.","Конечно, нашим крупнейшим предприятием является Калининская АЭС: её удельный вес в общем объёме выпуска продукции района составляет девяносто пять целых семь десятых %."
"Площадь 302,5 км2.",Площадь трёхсот двух целых пяти десятых км2.
"Среднегодовая температура воздуха — 4,1 °C.",Среднегодовая температура воздуха — четыре целых одна десятая °C.
"Примерно в 4,5 км к востоку от деревни проходит автомобильная дорога Пермь — Кунгур.",Примерно в четыре целых пять десятых км к востоку от деревни проходит автомобильная дорога Пермь — Кунгур.
"Среднегодовая температура воздуха — 4,4 °С.",Среднегодовая температура воздуха — четыре целых четыре десятых °С.
"Среднегодовая температура воздуха: + 4,3 °C;",Среднегодовая температура воздуха: + четыре целых три десятых °C;
"Относительная влажность воздуха: 67,2 %;",Относительная влажность воздуха: шестьдесят семь целых две десятых %;
"Средняя скорость ветра: 3,6 м/с;",Средняя скорость ветра: три целых шесть десятых м/с;
"70,28 МГц — Радио России / ГТРК Башкортостан (Молчит);",семьдесят целых двадцать восемь сотых МГц — Радио России / ГТРК Башкортостан (Молчит);
"90,6 МГц — Радио России / ГТРК Башкортостан;",девяносто целых шесть десятых МГц — Радио России / ГТРК Башкортостан;
"92,7 МГц — Радио Маяк;",девяносто две целых семь десятых МГц — Радио Маяк;
"94,5 МГц — Вести FM;",девяносто четыре целых пять десятых МГц — Вести FM;
"102,0 МГц — Милицейская волна;",сто две целых ноль десятых МГц — Милицейская волна;
"102,7 МГц — Радио Юлдаш;",сто две целых семь десятых МГц — Радио Юлдаш;
"103,5 МГц — Европа Плюс;",сто три целых пять десятых МГц — Европа Плюс;
"103,9 МГц — DFM;",сто три целых девять десятых МГц — DFM;
"105,7 МГц — Спутник FM;",сто пять целых семь десятых МГц — Спутник FM;
"106,3 МГц — Авторадио;",сто шесть целых три десятых МГц — Авторадио;
"106,9 МГц — Дорожное радио.",сто шесть целых девять десятых МГц — Дорожное радио.
"Занимает площадь 122,617 км².",Занимает площадь сто двадцати двух целых шестисот семнадцати тысячных км².
"Городская территория занимает площадь 122,56 квадратных километров, что делает Везель вторым по величине городом в округе после Хамминкельна.","Городская территория занимает площадь сто двадцати двух целых пятидесяти шести сотых квадратных километров, что делает Везель вторым по величине городом в округе после Хамминкельна."
"Общая протяженность границ города составляет 61,8 километра.",Общая протяженность границ города составляет шестьдесят одна целая восемь десятых километра.
"В целом, общая доля застроенных территорий и транспортных коридоров в городской местности составляет 24,6%, что немного выше среднего показателя по Северному Рейну-Вестфалии в 22,9%.","В целом, общая доля застроенных территорий и транспортных коридоров в городской местности составляет двадцать четыре целых шесть десятых%, что немного выше среднего показателя по Северному Рейну-Вестфалии в двадцать две целых девять десятых%."
"Леса занимают 14,6% территории, что ниже среднего значения по административному округу Дюссельдорф (15,6%).","Леса занимают четырнадцать целых шесть десятых% территории, что ниже среднего значения по административному округу Дюссельдорф (пятнадцать целых шесть десятых%)."
"Среднегодовая температура воздуха составляет −4,3 — −2,5 °С.",Среднегодовая температура воздуха составляет −четыре целых три десятых — −две целых пять десятых °С.
Осуждённый Мейланов сознательно не желает становиться на путь исправления».,Осуждённый Мейланов сознательно не желает становиться на путь исправления».
"Шаг нарезов: 715,5 мм",Шаг нарезов: семьсот пятнадцать целых пять десятых мм
"Щеки очень длинные (у самок длина щёк превосходит ширину основания жвал в 1,8 раза).",Щеки очень длинные (у самок длина щёк превосходит ширину основания жвал в одну целую восемь десятых раза).
"Этот неф, высотой 41,41 метра, является третьим по величине во Франции.","Этот неф, высотой сорока одной целой сорока одной сотой метра, является третьим по величине во Франции."
"Ближайшие населённые пункты — Акишево на противоположном берегу реки и Женаткино в 1,3 км на север.",Ближайшие населённые пункты — Акишево на противоположном берегу реки и Женаткино в одну целую три десятых км на север.
"Занимает площадь 32,68 км².",Занимает площадь тридцати двух целых шестидесяти восьми сотых км².
"Среднегодовая температура воздуха — 4,9 °C.",Среднегодовая температура воздуха — четыре целых девять десятых °C.
ПКТС-6281.00 «Адмирал» (базовая модель) — с транзисторной системой управления на IGBT-модулях и двигателем переменного тока.,ПКТС-шесть тысячи двести восемьдесят одна целая ноль сотых «Адмирал» (базовая модель) — с транзисторной системой управления на IGBT-модулях и двигателем переменного тока.
В серийном производстве находится переработанная версия модификации троллейбуса Тролза-5265.02 «Мегаполис».,В серийном производстве находится переработанная версия модификации троллейбуса Тролза-пять тысячи двести шестьдесят пять целых две сотых «Мегаполис».
ПКТС-6281.01 «Генерал» — с транзисторной системой управления на IGBT-модулях и двигателем переменного тока.,ПКТС-шесть тысячи двести восемьдесят одна целая одна сотая «Генерал» — с транзисторной системой управления на IGBT-модулях и двигателем переменного тока.
"Призовые Медведева за турнир составили 1,9 млн долларов.",Призовые Медведева за турнир составили одна целая девять десятых млн долларов.
"Все матчи на турнире Даниил выиграл быстрее, чем за 2,5 часа.","Все матчи на турнире Даниил выиграл быстрее, чем за две целых пять десятых часа."
"Медведев за победу заработал 2,5 млн долларов призовых.",Медведев за победу заработал две целых пять десятых млн долларов призовых.
"Призовые Медведева за турнир составили 1,17 млн долларов США.",Призовые Медведева за турнир составили одна целая семнадцать сотых млн долларов США.
"Плотность населения составляет 67,6 чел./км².",Плотность населения составляет шестидесяти семи целых шести десятых чел./км².
"Максимальная длина тела достигает 6,4 см.",Максимальная длина тела достигает шести целых четырёх десятых см.
При этом самцы меньше самок.,При этом самцы меньше самок.
"Головастики достигают длины тела 4,6 см.",Головастики достигают длины тела четырёх целых шести десятых см.
"Хвост при этом в почти в 1,5 раза длиннее туловища, с округлым окончанием.","Хвост при этом в почти в одну целую пять десятых раза длиннее туловища, с округлым окончанием."
"Сеголетки достигают длины от 1,4 до 2,2 мм.",Сеголетки достигают длины от одной целой четырёх десятых до двух целых двух десятых мм.
"Брачные мозоли начинают появляться у самцов при длине тела от 3,2 см.",Брачные мозоли начинают появляться у самцов при длине тела от трёх целых двух десятых см.
// © Сайт Русского центра флаговедения и геральдики =Russian Centre of Vexillology and Heraldry= (www.vexillographia.ru),// © Сайт Русского центра флаговедения и геральдики =Russian Centre of Vexillology and Heraldry= (www.vexillographia.ru)
"По приблизительным оценкам, сделанным РАО ЕЭС, перевод часов позволял экономить ежегодно около 4,4 млрд кВт·ч электроэнергии.","По приблизительным оценкам, сделанным РАО ЕЭС, перевод часов позволял экономить ежегодно около четырёх целых четырёх десятых млрд кВт·ч электроэнергии."
"Согласно опросу, проведённому Национальным центром проблем формирования здорового образа жизни, 51,6 % населения отрицательно реагирует на перевод времени.","Согласно опросу, проведённому Национальным центром проблем формирования здорового образа жизни, пятьдесят одна целая шесть десятых % населения отрицательно реагирует на перевод времени."
"При наблюдении в инфракрасном диапазоне ​​было обнаружено второе ядро в 3,8 угловых секундах к северо-западу от активного ядра.",При наблюдении в инфракрасном диапазоне ​​было обнаружено второе ядро в три целых восемь десятых угловых секундах к северо-западу от активного ядра.
"В этом же году добавился 1,4 L двигатель с турбонаддувом.",В этом же году добавился одна целая четыре десятых L двигатель с турбонаддувом.
Седан выделился в отдельную модель и получил название Renault Fluence.,Седан выделился в отдельную модель и получил название Renault Fluence.
Mégane GT является высоко-производительной версией с 1.6 I4 дизельным или бензиновым силовым агрегатом.,Mégane GT является высоко-производительной версией с одной целой шестью десятых I4 дизельным или бензиновым силовым агрегатом.
"Суммарные продажи сингла в Великобритании составляют 150,000 экземпляров.",Суммарные продажи сингла в Великобритании составляют сто пятидесяти целых ноля тысячных экземпляров.
"Продажи составили 935,000 единиц в США.",Продажи составили девятисот тридцати пяти целых ноля тысячных единиц в США.
"Среднегодовая температура воздуха — 4,2 °C.",Среднегодовая температура воздуха — четыре целых две десятых °C.
"Среднегодовая скорость ветра — 4,5 м/с, варьирует от 5,3 м/с в ноябре до 3,4 м/с в августе.","Среднегодовая скорость ветра — четыре целых пять десятых м/с, варьирует от пяти целых трёх десятых м/с в ноябре до трёх целых четырёх десятых м/с в августе."
"Занимает площадь 5,72 км².",Занимает площадь пяти целых семидесяти двух сотых км².
"Длина тела 15,5 см.",Длина тела пятнадцати целых пяти десятых см.
"Окраска оперения сверху оливково-зелёная, а снизу жёлтая, с узкой желтой «бровью», размытыми оливковыми прожилками на горле и груди, тусклыми хвостом и крыльями; крылья также имеют рыжие перемычки-«эполеты».","Окраска оперения сверху оливково-зелёная, а снизу жёлтая, с узкой желтой «бровью», размытыми оливковыми прожилками на горле и груди, тусклыми хвостом и крыльями; крылья также имеют рыжие перемычки-«эполеты»."
"Dusky-tailed Flatbill (Ramphotrigon fuscicauda), version 1.0.","Dusky-tailed Flatbill (Ramphotrigon fuscicauda), version одна целая ноль десятых."
"Cornell Lab of Ornithology, Ithaca, NY, USA. https://doi.org/10.2173/bow.dutfla1.01","Cornell Lab of Ornithology, Ithaca, NY, USA. https://doi.org/10.2173/bow.dutfla1.01"
"В том же году 39,99 % компании у Шипелова выкупил бывший заместитель гендиректора «Ростеха» Сергей Скворцов.",В том же году тридцать девять целых девяносто девять сотых % компании у Шипелова выкупил бывший заместитель гендиректора «Ростеха» Сергей Скворцов.
"Общая мощность четырех комплексов под управлением «РТ-Инвест» — 1,5 млн тонн отходов в год.",Общая мощность четырех комплексов под управлением «РТ-Инвест» — одна целая пять десятых млн тонн отходов в год.
"В итоге совокупная мощность всех комплексов составит 3,3 млн тонн отходов в год.",В итоге совокупная мощность всех комплексов составит три целых три десятых млн тонн отходов в год.
"Мощность новых станций составит 1,5 ГВт.",Мощность новых станций составит одной целой пяти десятых ГВт.
"Минпромторг оценил строительство девяти заводов в 342,46 млрд руб, в состав которых входит всего 37,55 млрд руб. бюджетных денежных средств, каким образом компания добудет остальные деньги, в обращении указано не было.","Минпромторг оценил строительство девяти заводов в триста сорок две целых сорок шесть сотых млрд руб, в состав которых входит всего тридцать семь целых пятьдесят пять сотых млрд руб. бюджетных денежных средств, каким образом компания добудет остальные деньги, в обращении указано не было."
"Линейная скорость вращения Земли (на экваторе) — 465,1013 м/с (1674,365 км/ч).",Линейная скорость вращения Земли (на экваторе) — четыреста шестьдесят пять целых одна тысяча тринадцать десятитысячных м/с (одна тысяча шестьсот семьдесят четыре целых триста шестьдесят пять тысячных км/ч).
"= 6378,1 км — экваториальный радиус,","= шесть тысячи триста семьдесят восемь целых одна десятая км — экваториальный радиус,"
"= 6356,8 км — полярный радиус.",= шесть тысячи триста пятьдесят шесть целых восемь десятых км — полярный радиус.
"Существует также свободная нутация, то есть свободное движение географических полюсов по кривой, близкой к окружности, с периодом 1,2 года, обусловленное тем, что Земля как целое смещается в пространстве относительно оси вращения.","Существует также свободная нутация, то есть свободное движение географических полюсов по кривой, близкой к окружности, с периодом одной целой двух десятых года, обусловленное тем, что Земля как целое смещается в пространстве относительно оси вращения."
"Большая полуось составляет около 20,6 миллиона километров.",Большая полуось составляет около двадцать целых шесть десятых миллиона километров.
"По итогам Олимпиады, по оценкам Международной профессиональной ассоциацией журналистов (AIPS), Россия наградила своих спортсменов бонусами на общую сумму 5,802 млн долларов.","По итогам Олимпиады, по оценкам Международной профессиональной ассоциацией журналистов (AIPS), Россия наградила своих спортсменов бонусами на общую сумму пять целых восемьсот две тысячных млн долларов."
"Общая площадь города — 87,8 км², из которых 5,99 км² составляют открытые водные пространства.","Общая площадь города — восемьдесят семь целых восемь десятых км², из которых пяти целых девяноста девяти сотых км² составляют открытые водные пространства."
"азиаты — 5,5 %",азиаты — пять целых пять десятых %
"негры и афроамериканцы — 1,2 %",негры и афроамериканцы — одна целая две десятых %
"коренные американцы — 0,7 %",коренные американцы — ноль целых семь десятых %
"уроженцы Гавайев и тихоокеанских островов — 0,1 %",уроженцы Гавайев и тихоокеанских островов — ноль целых одна десятая %
"прочие расы — 5,5 %",прочие расы — пять целых пять десятых %
"смешанные расы — 2,8 %",смешанные расы — две целых восемь десятых %
"латиноамериканцы (любой расы) — 15,2 %",латиноамериканцы (любой расы) — пятнадцать целых две десятых %
"Илья «Пруль» Вымениц — перкуссия (12,18)",Илья «Пруль» Вымениц — перкуссия (двенадцать целых восемнадцать сотых)
"Количество домохозяйств, смотревших премьеру, оценивается в 5,1 миллиона, что стало (и осталось) рекордно низким результатом за всю историю сериала.","Количество домохозяйств, смотревших премьеру, оценивается в пять целых одну десятую миллиона, что стало (и осталось) рекордно низким результатом за всю историю сериала."
"Среднегодовая температура воздуха +2,9…",Среднегодовая температура воздуха две целых девять десятых…
"+3,5 °C.",три целых пять десятых °C.
"Занимает площадь 1,42 км².",Занимает площадь одной целой сорока двух сотых км².
"Для Егошихи это: пересечения с автодорогами, район спорткомплекса и конечный участок реки длиной примерно 0,5 км до устья.","Для Егошихи это: пересечения с автодорогами, район спорткомплекса и конечный участок реки длиной примерно ноля целых пяти десятых км до устья."
"Река образуется на высоте 764,2 метра над уровнем моря слиянием рек Левая Киренга и Правая Киренга, берущих начало на западных склонах Байкальского хребта, на территории Байкало-Ленского заповедника.","Река образуется на высоте семисот шестидесяти четырёх целых двух десятых метра над уровнем моря слиянием рек Левая Киренга и Правая Киренга, берущих начало на западных склонах Байкальского хребта, на территории Байкало-Ленского заповедника."
"Занимает площадь 126,58 км².",Занимает площадь сто двадцати шести целых пятидесяти восьми сотых км².
"— Т. 1,2.",— Т. одна целая две десятых.
"Общая предполагаемая стоимость составила 3,5 миллиона фунтов стерлингов, из которых 1,8 миллиона фунтов стерлингов были необходимы для возобновления работы театра.","Общая предполагаемая стоимость составила три целых пять десятых миллиона фунтов стерлингов, из которых одна целая восемь десятых миллиона фунтов стерлингов были необходимы для возобновления работы театра."
"В то же время лишь 3,1 % населения страны говорят дома на тамильском.",В то же время лишь три целых одна десятая % населения страны говорят дома на тамильском.
"Среди индийского населения страны это число достигает 38,8 %, что всё же меньше доли тамилов.","Среди индийского населения страны это число достигает тридцать восемь целых восемь десятых %, что всё же меньше доли тамилов."
"Индийцы — крупнейшая этническая группа в Гайане (43,45 % от общего населения), Суринаме и Тринидаде и Тобаго (40,3 %).","Индийцы — крупнейшая этническая группа в Гайане (сорок три целых сорок пять сотых % от общего населения), Суринаме и Тринидаде и Тобаго (сорок целых три десятых %)."
"Категория: XX-я (средний рейтинг 2729,5)",Категория: XX-я (средний рейтинг две тысяча семьсот двадцать девять целых пять десятых)
"Кроме того, в фондах хранятся 17,7 миллионов рукописей, 1,2 миллиона (общественных) документов и десятки тысяч фильмов и видеозаписей.","Кроме того, в фондах хранятся семнадцать целых семь десятых миллионов рукописей, одна целая две десятых миллиона (общественных) документов и десятки тысяч фильмов и видеозаписей."
Ежегодный бюджет превышает 2.5 млн долларов.,Ежегодный бюджет превышает две целых пять десятых млн долларов.
К рассвету автоматчики подошли к мельнице в 1.5 км западнее Романова Села и по лощине на Киданцы.,К рассвету автоматчики подошли к мельнице в одной целой пяти десятых км западнее Романова Села и по лощине на Киданцы.
"Среднегодовая многолетняя температура воздуха составляет +4,2 °С.",Среднегодовая многолетняя температура воздуха составляет четыре целых две десятых °С.
"Занимает площадь 7,08 км².",Занимает площадь семи целых восьми сотых км².
Чешская часть охраняла железнодорожный мост через р.,Чешская часть охраняла железнодорожный мост через р.
"Водобродки мелкого размера (около 1,65 мм), удлинённой формы.","Водобродки мелкого размера (около одной целой шестидесяти пяти сотых мм), удлинённой формы."
"Площадь муниципалитета составляет 10,59 км².",Площадь муниципалитета составляет десяти целых пятидесяти девяти сотых км².
"Занимает площадь 8,93 км².",Занимает площадь восьми целых девяноста трёх сотых км².
"Занимает площадь 8,21 км².",Занимает площадь восьми целых двадцати одной сотой км².
"Занимает площадь 2,94 км².",Занимает площадь двух целых девяноста четырёх сотых км².
"Рядом проходит железная дорога, станция Ярчовцы в 0,5 км.","Рядом проходит железная дорога, станция Ярчовцы в ноль целых пять десятых км."
Никольское.,Никольское.
"Листья очерёдные, линейные, сидячие, цельнокрайные, туповатые 0,5-1,5 см длины, согнутые, покрытые длинными отстоящими волосками.","Листья очерёдные, линейные, сидячие, цельнокрайные, туповатые ноль целых пять десятых-одна целая пять десятых см длины, согнутые, покрытые длинными отстоящими волосками."
"А затем медленно с осторожностью по 0,25 таблетки до полного исключения препарата.",А затем медленно с осторожностью по нолю целых двадцати пяти сотых таблетки до полного исключения препарата.
"Занимает площадь 31,91 км².",Занимает площадь тридцати одной целой девяноста одной сотой км².
"Занимает площадь 0,102 км².",Занимает площадь ноля целых сто двух тысячных км².
"Среднегодовая температура — 2,5 — 2,8 °C.",Среднегодовая температура — две целых пять десятых — две целых восемь десятых °C.
"Мохаммед получил почти 5,5 млн долларов, что было больше, чем заработали Джо Луис, Рокки Марчиано и Джек Демпси за всю свою карьеру.","Мохаммед получил почти пять целых пять десятых млн долларов, что было больше, чем заработали Джо Луис, Рокки Марчиано и Джек Демпси за всю свою карьеру."
"В итоге победителем торгов стал владелец NFL «Индианаполис Колтс» Джим Ирсей, сделавший ставку в 6,18 млн долларов.","В итоге победителем торгов стал владелец NFL «Индианаполис Колтс» Джим Ирсей, сделавший ставку в шесть целых восемнадцать сотых млн долларов."
"Площадь — 51,2 тысячи км².",Площадь — пятьдесят одна целая две десятых тысячи км².
"Среди национальных меньшинств в стране проживало 0,2 % черногорцев, 0,2 % цыган, 0,1 % албанцев, 0,1 % украинцев, 0,1 % словенцев и 0,1 % македонцев.","Среди национальных меньшинств в стране проживало ноль целых две десятых % черногорцев, ноль целых две десятых % цыган, ноль целых одна десятая % албанцев, ноль целых одна десятая % украинцев, ноль целых одна десятая % словенцев и ноль целых одна десятая % македонцев."
Низкая инфляция (1.4 %).,Низкая инфляция (одна целая четыре десятых %).
"Страны ЕС — 64,0 % (10,7 млрд долларов);",Страны ЕС — шестьдесят четыре целых ноль десятых % (десять целых семь десятых млрд долларов);
"Россия — 5,5 % (0,9 млрд долларов);",Россия — пять целых пять десятых % (ноль целых девять десятых млрд долларов);
"Китай — 5,5 % (0,9 млрд долларов);",Китай — пять целых пять десятых % (ноль целых девять десятых млрд долларов);
"Турция — 3,3 % (0,6 млрд долларов);",Турция — три целых три десятых % (ноль целых шесть десятых млрд долларов);
"Страны Америки — 3,3 % (0,6 млрд долларов);",Страны Америки — три целых три десятых % (ноль целых шесть десятых млрд долларов);
"Страны Африки — 0,8 % (0,1 млрд долларов).",Страны Африки — ноль целых восемь десятых % (ноль целых одна десятая млрд долларов).
"Шестиполосная ШМСД общей протяженностью 27,4 км начнется от ЗСД и пройдет внутри промышленного пояса южной планировочной зоны вдоль северного железнодорожного полукольца до примыкания к КАД севернее города Кудрово (Ленобласть), далее проследует до пересечения с Мурманским шоссе (федеральная трасса «Кола»).","Шестиполосная ШМСД общей протяженностью двадцати семи целых четырёх десятых км начнется от ЗСД и пройдет внутри промышленного пояса южной планировочной зоны вдоль северного железнодорожного полукольца до примыкания к КАД севернее города Кудрово (Ленобласть), далее проследует до пересечения с Мурманским шоссе (федеральная трасса «Кола»)."
"Среднегодовая температура воздуха — +3,2 °C.",Среднегодовая температура воздуха — три целых две десятых °C.
"Среднегодовая скорость ветра — 4,7 м/с.",Среднегодовая скорость ветра — четыре целых семь десятых м/с.
"Среднегодовая многолетняя температура воздуха составляет +3,7 — +4,2 °С.",Среднегодовая многолетняя температура воздуха составляет три целых семь десятых — четыре целых две десятых °С.
"Скорость их колеблется в пределах от 3,2 до 4,8 м/с.",Скорость их колеблется в пределах от трёх целых двух десятых до четырёх целых восьми десятых м/с.
"По всему миру альбом Blackout был продан в количестве 3,6 млн копий.",По всему миру альбом Blackout был продан в количестве три целых шесть десятых млн копий.
"Финальное выступление принесло 1,172 миллиона долларов, установив новый кассовый рекорд для одного шоу в Лас-Вегасе и побив рекорд, ранее принадлежавший Дженнифер Лопес.","Финальное выступление принесло одна целая сто семьдесят две тысячных миллиона долларов, установив новый кассовый рекорд для одного шоу в Лас-Вегасе и побив рекорд, ранее принадлежавший Дженнифер Лопес."
"Во всём мире Спирс продала более миллиона флаконов за первые пять лет, а валовая выручка составила 1,5 миллиарда долларов.","Во всём мире Спирс продала более миллиона флаконов за первые пять лет, а валовая выручка составила одна целая пять десятых миллиарда долларов."
"Эпизод собрал 4,53 миллиона зрителей у телеэкранов США.",Эпизод собрал четыре целых пятьдесят три сотых миллиона зрителей у телеэкранов США.
"Масса танка составляла 11,8 тонн.",Масса танка составляла одиннадцати целых восьми десятых тонн.
2406.01 Биоакустика (коммуникация и локация в воздушных и водной средах),две тысяча четыреста шесть целых одна сотая Биоакустика (коммуникация и локация в воздушных и водной средах)
"2406.02 Биоэлектричество (мембранный потенциал, информационные и интегральные процессы, ЦНС и ВНС)","две тысяча четыреста шесть целых две сотых Биоэлектричество (мембранный потенциал, информационные и интегральные процессы, ЦНС и ВНС)"
2406.03 Биоэнергетика (энергообеспечение и теплопродукция),две тысяча четыреста шесть целых три сотых Биоэнергетика (энергообеспечение и теплопродукция)
2406.04 Биомеханика,две тысяча четыреста шесть целых четыре сотых Биомеханика
"2406.05 Биооптика (биолюминесценция, зрение и обработка информации)","две тысяча четыреста шесть целых пять сотых Биооптика (биолюминесценция, зрение и обработка информации)"
"2406.06 Медицинская физика (методы диагностики, физиотерапии и патогенез)","две тысяча четыреста шесть целых шесть сотых Медицинская физика (методы диагностики, физиотерапии и патогенез)"
"2406.99 ПрочиеПриведённая выше классификация основана на принципе структурной организации объектов и предназначена для максимально удобства изложения новых разработок, одновременно демонстрируя проблемы авангардных направлений и затруднения в формировании и развитии значимых тем и направлений.","две тысяча четыреста шесть целых девяносто девять сотых ПрочиеПриведённая выше классификация основана на принципе структурной организации объектов и предназначена для максимально удобства изложения новых разработок, одновременно демонстрируя проблемы авангардных направлений и затруднения в формировании и развитии значимых тем и направлений."
"При применении таблицы стилей XSLT, состоящей из набора шаблонов, к XML-документу (исходное дерево) образуется конечное дерево, которое может быть сериализовано в виде XML-документа, XHTML-документа (только для XSLT 2.0), HTML-документа или простого текстового файла.","При применении таблицы стилей XSLT, состоящей из набора шаблонов, к XML-документу (исходное дерево) образуется конечное дерево, которое может быть сериализовано в виде XML-документа, XHTML-документа (только для XSLT две целых ноль десятых), HTML-документа или простого текстового файла."
XSLT 1.0.,XSLT одна целая ноль десятых.
XSLT 3.0.,XSLT три целых ноль десятых.
"Занимает площадь 38,00 км².",Занимает площадь тридцати восьми целых ноля сотых км².
"Среднегодовая многолетняя температура воздуха составляет 3,6 — 3,8 °С.",Среднегодовая многолетняя температура воздуха составляет три целых шесть десятых — три целых восемь десятых °С.
"Крупнейшими акционерами China Nuclear Engineering Corporation являются SASAC (61,8 %), China Cinda Asset Management (11,8 %), GF Fund Management (1,44 %) и China International Capital Corporation (0,6 %);","Крупнейшими акционерами China Nuclear Engineering Corporation являются SASAC (шестьдесят одна целая восемь десятых %), China Cinda Asset Management (одиннадцать целых восемь десятых %), GF Fund Management (одна целая сорок четыре сотых %) и China International Capital Corporation (ноль целых шесть десятых %);"
"26,15 % акций компании находятся в свободном обращении на фондовой бирже.",двадцать шесть целых пятнадцать сотых % акций компании находятся в свободном обращении на фондовой бирже.
"Среднегодовая температура воздуха — 4,1 °C.",Среднегодовая температура воздуха — четыре целых одна десятая °C.
"По официальным данным ЦИК республики, явка избирателей на выборах составила 85,7 %.","По официальным данным ЦИК республики, явка избирателей на выборах составила восемьдесят пять целых семь десятых %."
"Занимает площадь 1,66 км².",Занимает площадь одной целой шестидесяти шести сотых км².
"Занимает площадь 177,150 км².",Занимает площадь сто семидесяти семи целых сто пятидесяти тысячных км².
"Плотность населения — 49,7 чел./км².",Плотность населения — сорок девять целых семь десятых чел./км².
"99,2 % — этнические грузины.",девяносто девять целых две десятых % — этнические грузины.
"Село Дашковка находится в 4,5 км от левого берега дельты реки Ворскла.",Село Дашковка находится в четыре целых пять десятых км от левого берега дельты реки Ворскла.
"На расстоянии в 1,5 км расположено село Шевченки.",На расстоянии в одну целую пять десятых км расположено село Шевченки.
"Среднегодовая температура воздуха — 1,9 °C.",Среднегодовая температура воздуха — одна целая девять десятых °C.
"Среднегодовая температура воздуха — 2,2 °C.",Среднегодовая температура воздуха — две целых две десятых °C.
"Потери французов — около 1,5 тысяч.",Потери французов — около одной целой пяти десятых тысяч.
"Среднегодовая температура воздуха — +3,5 °C.",Среднегодовая температура воздуха — три целых пять десятых °C.
"Среднегодовая скорость ветра — 4,7 м/с.",Среднегодовая скорость ветра — четыре целых семь десятых м/с.
"(Drools, Apache license 2.0)","(Drools, Apache license две целых ноль десятых)"
"(Apache Jena, Apache License 2.0)","(Apache Jena, Apache License две целых ноль десятых)"
"(RDFSharp, Apache License 2.0)","(RDFSharp, Apache License две целых ноль десятых)"
Inference using OWL 2.0 Semantics by Craig Trim (IBM).,Inference using OWL 2.0 Semantics by Craig Trim (IBM).
"Самый холодный месяц - январь (со средней температурой  -24,8 градусов).",Самый холодный месяц - январь (со средней температурой  -двадцать четыре целых восемь десятых градусов).
"Самый теплый месяц - июль (со средней температурой +18,7 градусов).",Самый теплый месяц - июль (со средней температурой восемнадцати целых семи десятых градусов).
Журнал « Азербайджанское Нефтяное Хозяйство» (АНХ) Qəbul edilib 11.2011.,Журнал « Азербайджанское Нефтяное Хозяйство» (АНХ) Qəbul edilib одиннадцать целых две тысяча одиннадцать десятитысячных.
01.2012.,одна целая две тысяча двенадцать десятитысячных.
"Среднегодовая температура воздуха — 4,5 °С.",Среднегодовая температура воздуха — четыре целых пять десятых °С.
"Занимает площадь 20,26 км².",Занимает площадь двадцати целых двадцати шести сотых км².
"Располагается на высоте 107,3 метров над уровнем моря.",Располагается на высоте сто семи целых трёх десятых метров над уровнем моря.
"Площадь общины составляет 6,03 км².",Площадь общины составляет шести целых трёх сотых км².
"Среднегодовая температура воздуха — 5,5 °C.",Среднегодовая температура воздуха — пять целых пять десятых °C.
Крунстад (23.992),Крунстад (двадцать три целых девятьсот девяносто две тысячных)
Маокенг (67.929),Маокенг (шестьдесят семь целых девятьсот двадцать девять тысячных)
Матлвангванг (6.441),Матлвангванг (шесть целых четыреста сорок одна тысячная)
Раммулутси (24.578),Раммулутси (двадцать четыре целых пятьсот семьдесят восемь тысячных)
Стейнсрюс (1.192),Стейнсрюс (одна целая сто девяносто две тысячных)
Вал-Рефс-Майн (5.050),Вал-Рефс-Майн (пять целых пятьдесят тысячных)
Фильюнскрун (2.514),Фильюнскрун (две целых пятьсот четырнадцать тысячных)
"Занимает площадь 35,72 км².",Занимает площадь тридцати пяти целых семидесяти двух сотых км².
Мариацелль (643.71 га),Мариацелль (шестьсот сорок три целых семьдесят одна сотая га)
Санкт-Зебастиан (4742.16 га),Санкт-Зебастиан (четыре тысяча семьсот сорок две целых шестнадцать сотых га)
"Среднегодовая многолетняя температура воздуха составляет 4,2 °С.",Среднегодовая многолетняя температура воздуха составляет четыре целых две десятых °С.
"В расовом отношении белые и метисы составляли 90,9 % от населения города; негры, мулаты и райсальцы — 8,8 %, индейцы — 0,3 %.","В расовом отношении белые и метисы составляли девяносто целых девять десятых % от населения города; негры, мулаты и райсальцы — восемь целых восемь десятых %, индейцы — ноль целых три десятых %."
"Уровень грамотности среди всего населения составлял 72,3 %.",Уровень грамотности среди всего населения составлял семьдесят две целых три десятых %.
"58,1 % от общего числа городских и муниципальных предприятий составляют предприятия торговой сферы, 38,2 % — предприятия сферы обслуживания, 2,6 % — промышленные предприятия, 1,1 % — предприятия иных отраслей экономики.","пятьдесят восемь целых одна десятая % от общего числа городских и муниципальных предприятий составляют предприятия торговой сферы, тридцать восемь целых две десятых % — предприятия сферы обслуживания, две целых шесть десятых % — промышленные предприятия, одна целая одна десятая % — предприятия иных отраслей экономики."
"Расположен на острове Санта-Мария, занимает площадь 18,49 км².","Расположен на острове Санта-Мария, занимает площадь восемнадцати целых сорока девяти сотых км²."
"Средняя годовая скорость ветра — 4,9 м/с.",Средняя годовая скорость ветра — четыре целых девять десятых м/с.
"Вшивков А. А. Исследования в области 1,9- и 1,10-дикетонов и отвечающих им двутретичных гликолей.","Вшивков А. А. Исследования в области одну целую девять десятых- и 1,10-дикетонов и отвечающих им двутретичных гликолей."
"Среднегодовая температура воздуха — 2,6 °C.",Среднегодовая температура воздуха — две целых шесть десятых °C.
"Болотные массивы (7,3 тыс. га) Парка представлены практически всеми типами.",Болотные массивы (семь целых три десятых тыс. га) Парка представлены практически всеми типами.
"Участки лесоболотных комплексов — 7,3 тыс. га",Участки лесоболотных комплексов — семь целых три десятых тыс. га
"AZUR Air — 266,2 тыс. пассажиров;",AZUR Air — двести шестьдесят шесть целых две десятых тыс. пассажиров;
"S7 — 249,3 тыс. пассажиров;",S7 — двести сорок девять целых три десятых тыс. пассажиров;
"Авиакомпания Smartavia — 132,1 тыс. пассажиров.",Авиакомпания Smartavia — сто тридцать две целых одна десятая тыс. пассажиров.
"в США — 9,7 тыс. человек.",в США — девять целых семь десятых тыс. человек.
"в Азербайджане — 8,4 тыс. человек.",в Азербайджане — восемь целых четыре десятых тыс. человек.
"УрбанизацияГородское население (посёлок городского типа Одоев) составляет  45,73 % от всего населения района.",УрбанизацияГородское население (посёлок городского типа Одоев) составляет  сорок пять целых семьдесят три сотых % от всего населения района.
"Занимает площадь 0,63 км².",Занимает площадь ноля целых шестидесяти трёх сотых км².
"Занимает площадь 119,8 км².",Занимает площадь сто девятнадцати целых восьми десятых км².
"Среди других акционеров Bank of China — National Council for Social Security Fund (2,55 %), BlackRock, Inc.","Среди других акционеров Bank of China — National Council for Social Security Fund (две целых пятьдесят пять сотых %), BlackRock, Inc."
"(2,03 %) и JPMorgan Chase & Co. (2,38 %).",(две целых три сотых %) и JPMorgan Chase & Co. (две целых тридцать восемь сотых %).
"Размер активов на хранении в депозитариях 11,79 трлн юаней ($1,8 трлн).",Размер активов на хранении в депозитариях одиннадцать целых семьдесят девять сотых трлн юаней ($одна целая восемь десятых трлн).
"Размер принятых депозитов составил 16,9 трлн юаней (из них 8,8 трлн корпоративные).",Размер принятых депозитов составил шестнадцать целых девять десятых трлн юаней (из них восемь целых восемь десятых трлн корпоративные).
"Alasjärvi) — бывший финский остановочный пункт (ранее — пункт примыкания) на 90,0 км перегона Бородинское — Хийтола линии Выборг — Хийтола.",Alasjärvi) — бывший финский остановочный пункт (ранее — пункт примыкания) на девяноста целых ноля десятых км перегона Бородинское — Хийтола линии Выборг — Хийтола.
"Плотность населения — 17,25 чел./км².",Плотность населения — семнадцать целых двадцать пять сотых чел./км².
-63.3).,-шестьдесят три целых три десятых).
"Занимает площадь 0,67 км².",Занимает площадь ноля целых шестидесяти семи сотых км².
"Среднегодовая температура воздуха — +0,1…+0,2 °C.",Среднегодовая температура воздуха — ноль целых одна десятая…ноль целых две десятых °C.
"Его масса составляет 1,35 масс Солнца, что почти максимально допустимо для объектов этого типа, так как его масса близка к пределу Чандрасекара.","Его масса составляет одной целой тридцати пяти сотых масс Солнца, что почти максимально допустимо для объектов этого типа, так как его масса близка к пределу Чандрасекара."
"Занимает площадь 15,32 км².",Занимает площадь пятнадцати целых тридцати двух сотых км².
"Мелкие нелетающие жуки-долгоносики, длина от 2,37 до 2,85 мм; в основном чёрного цвета, надкрылья оранжево-красные, апикально чёрные.","Мелкие нелетающие жуки-долгоносики, длина от двух целых тридцати семи сотых до двух целых восьмидесяти пяти сотых мм; в основном чёрного цвета, надкрылья оранжево-красные, апикально чёрные."
"Сингл разошёлся тиражом более миллиона копий в Великобритании и более 2,5 миллиона копий по всему миру.",Сингл разошёлся тиражом более миллиона копий в Великобритании и более две целых пять десятых миллиона копий по всему миру.
"Занимает площадь 0,201 км².",Занимает площадь ноля целых двухсот одной тысячной км².
"Плотность населения составляет 88,7 чел./км².",Плотность населения составляет восьмидесяти восьми целых семи десятых чел./км².
"Муниципальный аэропорт Уошберн (англ. Washburn Municipal Airport), (FAA LID: 5C8) — государственный гражданский аэропорт, расположенный в 6,5 километрах к северу от центрального делового района города Уошберн (Северная Дакота), США.","Муниципальный аэропорт Уошберн (англ. Washburn Municipal Airport), (FAA LID: 5C8) — государственный гражданский аэропорт, расположенный в шесть целых пять десятых километрах к северу от центрального делового района города Уошберн (Северная Дакота), США."
"Среднегодовая температура — 5,1 °C.",Среднегодовая температура — пять целых одна десятая °C.
"{\displaystyle m_{s}\in \mathbb {F} _{q^{N}},s=1,2,...,k}","{\displaystyle m_{s}\in \mathbb {F} _{q^{N}},s=1,2,...,k}"
"{\displaystyle (n,n-1,2)}","{\displaystyle (n,n-одна целая две десятых)}"
— ISIT.2006.261627,— ISIT.2006.261627
"Скульптура вождя высотой 5,5 м. отлита из бронзы ленинградским заводом Монумент-скульптура.",Скульптура вождя высотой пяти целых пяти десятых м. отлита из бронзы ленинградским заводом Монумент-скульптура.
"Памятник Ленина был установлен на полированном пьедестале из красного украинского гранита высотой 6,5 метров.",Памятник Ленина был установлен на полированном пьедестале из красного украинского гранита высотой шести целых пяти десятых метров.
"Занимает площадь 1,74 км².",Занимает площадь одной целой семидесяти четырёх сотых км².
"Занимает площадь 23,66 км².",Занимает площадь двадцати трёх целых шестидесяти шести сотых км².
Начиная с версии 2.0.3 OpenOffice.org врожденно поставляется с OpenThesaurus.,Начиная с версии 2.0.3 OpenOffice.org врожденно поставляется с OpenThesaurus.
"Проект приобрел большую популярность после появления Apple Dictionary в Mac OS X 10.5, который может интегрировать данные OpenThesaurus через плагин.","Проект приобрел большую популярность после появления Apple Dictionary в Mac OS X десять целых пять десятых, который может интегрировать данные OpenThesaurus через плагин."
"Орбитальный период — около 1,837 суток.",Орбитальный период — около одной целой восьмисот тридцати семи тысячных суток.
Первый компонент — бело-голубая звезда спектрального класса B9 или B7V.,Первый компонент — бело-голубая звезда спектрального класса B9 или B7V.
"Светимость — около 136,36 солнечных.",Светимость — около сто тридцать шесть целых тридцать шесть сотых солнечных.
"Удалён на 0,2 угловой секунды.",Удалён на ноль целых две десятых угловой секунды.
"УрбанизацияГородское население (пгт Мыс Шмидта и Эгвекинот) составляет 62,53 % от всего населения района (округа).",УрбанизацияГородское население (пгт Мыс Шмидта и Эгвекинот) составляет шестьдесят две целых пятьдесят три сотых % от всего населения района (округа).
"Эль-Джауф практически не получает осадков, в среднем здесь выпадает лишь 2,5 мм в год.","Эль-Джауф практически не получает осадков, в среднем здесь выпадает лишь две целых пять десятых мм в год."
"Средняя температура летом равняется 37,8° С.",Средняя температура летом равняется тридцать семь целых восемь десятых° С.
"Расход воды — 1,8 м³/с.",Расход воды — одна целая восемь десятых м³/с.
Используется для орошения.,Используется для орошения.
"Среднегодовая температура воздуха — +3,2 °C.",Среднегодовая температура воздуха — три целых две десятых °C.
"Общая мощность ГЭС каскада — 25,36 МВт.",Общая мощность ГЭС каскада — двадцать пять целых тридцать шесть сотых МВт.
"Среднегодовая температура воздуха — +2,3 °C.",Среднегодовая температура воздуха — две целых три десятых °C.
"Занимает площадь 6,81 км².",Занимает площадь шести целых восьмидесяти одной сотой км².
"Имеет массу 1,72 MJ и радиус 1,34 RJ.",Имеет массу одну целую семьдесят две сотых MJ и радиус одна целая тридцать четыре сотых RJ.
"Орбита имеет форму близкую к круговой (эксцентриситет — 0,0024).",Орбита имеет форму близкую к круговой (эксцентриситет — ноль целых двадцать четыре десятитысячных).
"Мио́з (miosis: др.-греч. μείωσις — уменьшение, убыль) — сужение зрачка (диаметр менее 2,5 мм).","Мио́з (miosis: др.-греч. μείωσις — уменьшение, убыль) — сужение зрачка (диаметр менее двух целых пяти десятых мм)."
"Корабли были 80,1 м в длину, ширину 8,4 м и осадку 4,6 м.","Корабли были восемьдесят целых одна десятая м в длину, ширину восьми целых четырёх десятых м и осадку четырёх целых шести десятых м."
"Напряжение ядра: 1,6 В",Напряжение ядра: одна целая шесть десятых В
"Напряжение ядра: 1,6 — 1,65 В",Напряжение ядра: одна целая шесть десятых — одна целая шесть десятых5 В
"Напряжение ядра: 1,4 В",Напряжение ядра: одна целая четыре десятых В
"Напряжение ядра: 1,4 В",Напряжение ядра: одна целая четыре десятых В
"Напряжение ядра: 1,25/1,35/1,40 В (1,20/1,25 В для версии Energy Efficient SFF)",Напряжение ядра: одна целая двадцать пять сотых/одна целая тридцать пять сотых/одна целая сорок сотых В (одна целая двадцать сотых/одна целая двадцать пять сотых В для версии Energy Efficient SFF)
"Напряжение ядра: 1,25/1,35/1,40 В (1,20/1,25 В для версии Energy Efficient SFF)",Напряжение ядра: одна целая двадцать пять сотых/одна целая тридцать пять сотых/одна целая сорок сотых В (одна целая двадцать сотых/одна целая двадцать пять сотых В для версии Energy Efficient SFF)
"Занимает площадь 8,65 км².",Занимает площадь восьми целых шестидесяти пяти сотых км².
"На то время это было третье по интенсивности землетрясение, с магнитудой 6,9 по шкале Рихтера.","На то время это было третье по интенсивности землетрясение, с магнитудой шестью целых девятью десятых по шкале Рихтера."
"Занимает площадь 279,466 км².",Занимает площадь двухсот семидесяти девяти целых четырёхсот шестидесяти шести тысячных км².
"Плотность населения — 12,6 чел./км².",Плотность населения — двенадцать целых шесть десятых чел./км².
"Период обращения астероида вокруг Солнца составляет 4,036 года.",Период обращения астероида вокруг Солнца составляет четыре целых тридцать шесть тысячных года.
"Расстояние до районного центра Нюксеницы по автодороге — 39,5 км.",Расстояние до районного центра Нюксеницы по автодороге — тридцать девять целых пять десятых км.
"Площадь бассейна — 34,5 тыс. км².",Площадь бассейна — тридцать четыре целых пять десятых тыс. км².
"Ёыйдо (Йоыйдо) — остров площадью 8,4 км², через который в древние времена шла переправа.","Ёыйдо (Йоыйдо) — остров площадью восьми целых четырёх десятых км², через который в древние времена шла переправа."
"Площадь 2,72 млн м².",Площадь две целых семьдесят две сотых млн м².
"Ширина моста составляла 7,7 метра, причём проезжая часть была всего 4,5 метра.","Ширина моста составляла семь целых семь десятых метра, причём проезжая часть была всего четыре целых пять десятых метра."
"Стоимость строительства составила 2,86 млрд вон.",Стоимость строительства составила две целых восемьдесят шесть сотых млрд вон.
"Ещё до финала плей-офф Варежао имел лучшие из игроков обеих команд шансы на чемпионский перстень, поскольку «Уорриорз» встречались там с «Кавальерс», которые в случае победы по своему желанию могли вручить кольцо игравшему за них 11,5 лет бразильцу.","Ещё до финала плей-офф Варежао имел лучшие из игроков обеих команд шансы на чемпионский перстень, поскольку «Уорриорз» встречались там с «Кавальерс», которые в случае победы по своему желанию могли вручить кольцо игравшему за них одиннадцати целых пяти десятых лет бразильцу."
"циклический дикетон 2,2,4,4-тетрафенилциклобутан-1,3-дион (I) путем нагревания с хинолином","циклический дикетон 2,2,4,4-тетрафенилциклобутан-1,3-дион (I) путем нагревания с хинолином"
Аналогично с карбонильными соединениями образуются β-лактоны.,Аналогично с карбонильными соединениями образуются β-лактоны.
"Среднегодовая температура воздуха — 4,3 °C.",Среднегодовая температура воздуха — четыре целых три десятых °C.
"Занимает площадь 36,38 км².",Занимает площадь тридцати шести целых тридцати восьми сотых км².
"Площадь земель относящихся к деревне — 6,9 га.",Площадь земель относящихся к деревне — шесть целых девять десятых га.
"Занимает площадь 3,30 км².",Занимает площадь трёх целых тридцати сотых км².
"Занимает площадь 0,823 км².",Занимает площадь ноля целых восьмисот двадцати трёх тысячных км².
"Площадь поверхности — 6,0 км².",Площадь поверхности — шесть целых ноль десятых км².
"Среднегодовая температура воздуха — 2,3 °С.",Среднегодовая температура воздуха — две целых три десятых °С.
"Расстояние по автодороге до районного центра Сокола — 101,5 км, до центра муниципального образования Бирякова — 1,5 км.","Расстояние по автодороге до районного центра Сокола — сто одна целая пять десятых км, до центра муниципального образования Бирякова — одна целая пять десятых км."
"УрбанизацияГородское население (в рабочем посёлке Шексна) составляет 55,27 % населения района.",УрбанизацияГородское население (в рабочем посёлке Шексна) составляет пятьдесят пять целых двадцать семь сотых % населения района.
"Занимает площадь 10,05 км².",Занимает площадь десяти целых пяти сотых км².
"Ангела Меркель тогда заявляла, что у Евросоюза границы не закрываются («Мы можем это преодолеть»).","Ангела Меркель тогда заявляла, что у Евросоюза границы не закрываются («Мы можем это преодолеть»)."
"По официальным данным ЦИК Республики Беларусь, победу на них одержал Александр Лукашенко с результатом 80,08 % голосов.","По официальным данным ЦИК Республики Беларусь, победу на них одержал Александр Лукашенко с результатом восемьдесят целых восемь сотых % голосов."
"Светлана Тихановская, которая была его основным конкурентом, набрала 10,12 % голосов.","Светлана Тихановская, которая была его основным конкурентом, набрала десять целых двенадцать сотых % голосов."
"Правительство Латвии выделило МВД страны более 1,7 млн евро на приобретение и установку колючей проволоки на границе с Белоруссией, средства выделены из бюджета «на непредвиденные расходы».","Правительство Латвии выделило МВД страны более одна целая семь десятых млн евро на приобретение и установку колючей проволоки на границе с Белоруссией, средства выделены из бюджета «на непредвиденные расходы»."
"Представители бригады заявили, что будут уничтожать не мигрантов, а лиц, которые могут себя за них выдавать.","Представители бригады заявили, что будут уничтожать не мигрантов, а лиц, которые могут себя за них выдавать."
"Как заявила министр внутренних дел Литвы Агне Билотайте, на соседнем с населённым пунктом военном полигоне планировалось создание лагеря для 1,5 тысячи мигрантов.","Как заявила министр внутренних дел Литвы Агне Билотайте, на соседнем с населённым пунктом военном полигоне планировалось создание лагеря для одна целая пять десятых тысячи мигрантов."
"В  Польше разразился скандал после публикаций о вовлечении МИД страны в схему нелегальной выдачи виз гражданам из Африки и со Среднего Востока за взятки // РГ, 23.09.2023How Belarus is helping ‘tourists’ break into the EU — расследование BBC (англ.)","В  Польше разразился скандал после публикаций о вовлечении МИД страны в схему нелегальной выдачи виз гражданам из Африки и со Среднего Востока за взятки // РГ, 23.09.2023How Belarus is helping ‘tourists’ break into the EU — расследование BBC (англ.)"
"Среднегодовая температура воздуха — 3,8 °C.",Среднегодовая температура воздуха — три целых восемь десятых °C.
"Ещё 10,8 % принадлежали «Фонду развития и поддержки средств массовой информации», одним из учредителей которого был виолончелист и близкий друг президента России Владимира Путина Сергей Ролдугин.","Ещё десять целых восемь десятых % принадлежали «Фонду развития и поддержки средств массовой информации», одним из учредителей которого был виолончелист и близкий друг президента России Владимира Путина Сергей Ролдугин."
"Трансляцию матча на телеканале «Спорт» смотрели более 4,5 млн жителей России, что на тот момент являлось самой большой ТВ-аудиторией одной футбольной трансляции на канале.","Трансляцию матча на телеканале «Спорт» смотрели более четыре целых пять десятых млн жителей России, что на тот момент являлось самой большой ТВ-аудиторией одной футбольной трансляции на канале."
"Через месяц появилась информация, что сумма компенсации за досрочное прекращение контракта составила 2,5 млн евро.","Через месяц появилась информация, что сумма компенсации за досрочное прекращение контракта составила две целых пять десятых млн евро."
"Больше всего голосов (63,2 %) получил тренер «Уфы» Сергей Семак.",Больше всего голосов (шестьдесят три целых две десятых %) получил тренер «Уфы» Сергей Семак.
"Это оранжевый гигант спектрального класса К с видимым блеском +3.78, удалён от Земли на 96,8 световых лет.","Это оранжевый гигант спектрального класса К с видимым блеском тремя целых семьюдесятью восемью сотых, удалён от Земли на девяноста шести целых восьми десятых световых лет."
"Занимает площадь 21,27 км².",Занимает площадь двадцати одной целой двадцати семи сотых км².
"Темп прироста населения составляет 3,65 %, это самый низкий показатель из всех регионов Турции.","Темп прироста населения составляет три целых шестьдесят пять сотых %, это самый низкий показатель из всех регионов Турции."
"Скорость снижения температуры не превышала 0,03 град/час.",Скорость снижения температуры не превышала ноля целых трёх сотых град/час.
"Устье реки находится в 0,4 км по правому берегу реки Лёк-Кем.",Устье реки находится в ноль целых четыре десятых км по правому берегу реки Лёк-Кем.
"Площадь — 53,5 км².",Площадь — пятьдесят три целых пять десятых км².
"Длина: 50,3 м",Длина: пятьдесят целых три десятых м
"Ширина 5,2 м",Ширина пяти целых двух десятых м
"Осадка 2,7 м",Осадка двух целых семи десятых м
"Скорость: 13,5 уз.",Скорость: тринадцать целых пять десятых уз.
"ниже по течению на расстоянии в 3,5 км расположен пгт Камышеваха,","ниже по течению на расстоянии в три целых пять десятых км расположен пгт Камышеваха,"
"Занимает площадь 60,17 км².",Занимает площадь шестидесяти целых семнадцати сотых км².
"Комплекс управляемого вооружения позволяет поражать цели на расстоянии до 5,0 км.",Комплекс управляемого вооружения позволяет поражать цели на расстоянии до пяти целых ноля десятых км.
"На дальностях свыше 2,5—3,0 км ПТУР имеет преимущества перед БОПС по точности попадания и бронепробиваемости.",На дальностях свыше двух целых пяти десятых—трёх целых ноля десятых км ПТУР имеет преимущества перед БОПС по точности попадания и бронепробиваемости.
"Если же сравнивать мужчин и женщин, работающих на одном должностном уровне, то гендерный разрыв равен 6,5 % в пользу мужчин; если брать одинаковой должностной уровень в одной компании, то 2.2 % в пользу мужчин, а с учётом одинаковых обязанностей 1,6 % в пользу мужчин.","Если же сравнивать мужчин и женщин, работающих на одном должностном уровне, то гендерный разрыв равен шесть целых пять десятых % в пользу мужчин; если брать одинаковой должностной уровень в одной компании, то две целых две десятых % в пользу мужчин, а с учётом одинаковых обязанностей одна целая шесть десятых % в пользу мужчин."
"Невыгодное положение женщин может быть причиной относительно высокой доли мужчин на руководящих должностях в этой отрасли (27,5% всех руководящих должностей занято мужчинами, которые составляют лишь 10,1% всех работников в этой области).","Невыгодное положение женщин может быть причиной относительно высокой доли мужчин на руководящих должностях в этой отрасли (двадцать семь целых пять десятых% всех руководящих должностей занято мужчинами, которые составляют лишь десять целых одна десятая% всех работников в этой области)."
"выше по течению на расстоянии в 0,5 км расположено село Слободо-Петровка,","выше по течению на расстоянии в ноль целых пять десятых км расположено село Слободо-Петровка,"
"Занимает площадь 793,17 км².",Занимает площадь семисот девяноста трёх целых семнадцати сотых км².
"Вирусы и программы-шутки могут быть написаны в виде пакетного файла, известны также генераторы вирусов, являющиеся пакетными файлами (Virra 1.0, BADtch R.A.T. 0.4, и другие).","Вирусы и программы-шутки могут быть написаны в виде пакетного файла, известны также генераторы вирусов, являющиеся пакетными файлами (Virra одна целая ноль десятых, BADtch R.A.T. ноль целых четыре десятых, и другие)."
"Площадь бассейна — 77,3 км².",Площадь бассейна — семьдесят семь целых три десятых км².
"Уклон реки — 2,5 м/км.",Уклон реки — две целых пять десятых м/км.
"Расстояние от устья Хотомли к месту впадения Хотомельки — 6,3 км.",Расстояние от устья Хотомли к месту впадения Хотомельки — шесть целых три десятых км.
"Село Першотравневое находится в 1,5 км от правого берега реки Бобрик.",Село Першотравневое находится в одну целую пять десятых км от правого берега реки Бобрик.
"На расстоянии в 1,5 км расположены сёла Супруновка, Беликовка, Садовое и посёлок Лидино.","На расстоянии в одну целую пять десятых км расположены сёла Супруновка, Беликовка, Садовое и посёлок Лидино."
"Средний многолетний годовой сток 56,1 млн м³.",Средний многолетний годовой сток пятьдесят шесть целых одна десятая млн м³.
"Водные ресурсы используются для орошения, годовое водопотребление 0,91 млн м³ (1,6 % год. стока).","Водные ресурсы используются для орошения, годовое водопотребление ноль целых девяносто одна сотая млн м³ (одна целая шесть десятых % год. стока)."
"Показатель преломления современных флинтов может превосходить значение 1,9.",Показатель преломления современных флинтов может превосходить значение одну целую девять десятых.
"Занимает площадь 14,89 км².",Занимает площадь четырнадцати целых восьмидесяти девяти сотых км².
"Начал изучать классический танец в возрасте 4,5 лет в студии при Кишинёвском Дворце пионеров.",Начал изучать классический танец в возрасте четырёх целых пяти десятых лет в студии при Кишинёвском Дворце пионеров.
"Наклонение 98,2 градуса.",Наклонение девяноста восьми целых двух десятых градуса.
"{\displaystyle \{0,1,2,3,4\dots \}}","{\displaystyle \{0,1,2,3,4\dots \}}"
"{\displaystyle \{1,2,3,4\dots \}}","{\displaystyle \{1,2,3,4\dots \}}"
"{\displaystyle \{0,0\}}","{\displaystyle \{0,0\}}"
"Побывав в Одессе, Москве, Санкт-Петербурге, спустя три года он вернулся назад с договором на 1,3 миллиона рублей, который заключил с британской фирмой «Келлис Директориес ЛТД».","Побывав в Одессе, Москве, Санкт-Петербурге, спустя три года он вернулся назад с договором на одна целая три десятых миллиона рублей, который заключил с британской фирмой «Келлис Директориес ЛТД»."
"Длина тела от 1,8 до 6,0 мм.",Длина тела от одна целая восемь десятых до шести целых ноля десятых мм.
"1,2 километра к востоку от деревни.",одна целая две десятых километра к востоку от деревни.
"Около 1,5 км к северо-востоку от деревни.",Около одна целая пять десятых км к северо-востоку от деревни.
Oxford University Press.,Oxford University Press.
"На фоне остальной страны, преимущественно мусульманской и почти стопроцентно негроидной, столица выделяется относительным христианским большинством (40,2 %, при 34,2 % мусульман и 7,9 % анимистов), а также заметной прослойкой мулатов.","На фоне остальной страны, преимущественно мусульманской и почти стопроцентно негроидной, столица выделяется относительным христианским большинством (сорок целых две десятых %, при тридцать четыре целых две десятых % мусульман и семь целых девять десятых % анимистов), а также заметной прослойкой мулатов."
"В племенном отношении 20,5 % горожан относится к баланте, 18,0 % — к фульбе, 15,7 % — к папеу (на землях которых и был основан город).","В племенном отношении двадцать целых пять десятых % горожан относится к баланте, восемнадцать целых ноль десятых % — к фульбе, пятнадцать целых семь десятых % — к папеу (на землях которых и был основан город)."
"Занимает площадь 11,55 км².",Занимает площадь одиннадцати целых пятидесяти пяти сотых км².
"Среднегодовая многолетняя температура воздуха составляет +3,6 — +4,2 °С.",Среднегодовая многолетняя температура воздуха составляет три целых шесть десятых — четыре целых две десятых °С.
"Город имеет общую площадь в 37,53 кв. км, из которых 37,09 км² составляет и 0,44 км² — открытые водные пространства.","Город имеет общую площадь в тридцать семь целых пятьдесят три сотых кв. км, из которых тридцать семь целых девять сотых км² составляет и ноль целых сорок четыре сотых км² — открытые водные пространства."
"Плотность населения составляла 468,4 чел./кв. км.",Плотность населения составляла четыреста шестьдесят восемь целых четыре десятых чел./кв. км.
"Расовый состав города: белые —85,0 %, афроамериканцы — 1,7 %, коренные американцы — 1,2 %, азиаты — 4,8 %, уроженцы Гавайев и тихоокеанских островов — 0,5 %, представители прочих рас — 1,6 %, представители двух и более рас — 5,2 %.","Расовый состав города: белые —восемьдесят пять целых ноль десятых %, афроамериканцы — одна целая семь десятых %, коренные американцы — одна целая две десятых %, азиаты — четыре целых восемь десятых %, уроженцы Гавайев и тихоокеанских островов — ноль целых пять десятых %, представители прочих рас — одна целая шесть десятых %, представители двух и более рас — пять целых две десятых %."
"Латиноамериканцы (любой расы) составляли 6,2 % населения.",Латиноамериканцы (любой расы) составляли шесть целых две десятых % населения.
"Средний возраст городского населения составлял 37,4 года.",Средний возраст городского населения составлял тридцать семь целых четыре десятых года.
"Гендерный состав города: 47,7 % мужчин и 52,3 % женщин.",Гендерный состав города: сорок семь целых семь десятых % мужчин и пятьдесят две целых три десятых % женщин.
